"","dev1","pD","dic.pD"
"1",2542.17880728254,508.388936814459,3050.567744097
