"","Point est.","Upper C.I."
"S.eq.c",1.15859732604204,1.16215264832957
"S.eq.c2",1.15859732604204,1.16215264832957
"S.max",1.12274705454655,1.12689820279865
