"","dev1","pD","dic.pD"
"1",2542.70294215512,508.135621385796,3050.83856354092
